Symbol,rsID,Entrez_ID,Study
SORT1,rs10857972,6272,GWAS1
SORT1,rs6704266,6272,GWAS1
CUBN,rs7068265,8029,GWAS1
CUBN,rs7068881,8029,GWAS1
POLR3A,rs7094302,11128,GWAS1
PRR5L,rs10836550,79899,GWAS1
PRR5L,rs1365120,79899,GWAS1
PLEKHA5,rs7399293,54477,GWAS1
SPPL3,rs5634,121665,GWAS1
SPPL3,rs2238161,121665,GWAS1
PCCA,rs9557321,5095,GWAS1
ATG14,rs1354,22863,GWAS1
ATG14,rs7146775,22863,GWAS1
PELI2,rs2184559,57161,GWAS1
NDN,rs28684656,4692,GWAS1
NDN,rs28714259,4692,GWAS1
NDN,rs1875910,4692,GWAS1
DGCR6,rs16983347,8214,GWAS1
GRAMD4,rs4253763,23151,GWAS1
GRAMD4,rs11090819,23151,GWAS1
GRAMD4,rs7291763,23151,GWAS1
SLC2A9,rs4697900,56606,GWAS1
SLC2A9,rs9684729,56606,GWAS1
SLC2A9,rs6449090,56606,GWAS1
ADCY2,rs7710510,108,GWAS1
ADCY2,rs6883259,108,GWAS1
ADCY2,rs766643,108,GWAS1
RIMS1,rs1204328,22999,GWAS1
AGPAT4,rs2489944,56895,GWAS1
AGPAT4,rs2465874,56895,GWAS1
NFE2L3,rs10248605,9603,GWAS1
HNRNPA2B1,rs10248605,3181,GWAS1
LPL,rs12548222,4023,GWAS1
NCOA2,rs12545665,10499,GWAS1
ADAMTSL1,rs776777,92949,GWAS1
ABCC1,rs45511401,4363,GWAS2
ABCC1,rs3743527,4363,GWAS2
ABCC1,rs246221,4363,GWAS2
ABCC1,rs4148350,4363,GWAS2
ABCC1,rs246214,4363,GWAS2
ABCC5,rs7627754,10057,GWAS2
ABCB1,rs2235047,5243,GWAS2
ABCB4,rs1149222,5244,GWAS2
ABCB4,rs4148808,5244,GWAS2
RAC2,rs13058338,5880,GWAS2
CYBA,rs4673,1535,GWAS2
GSTP1,rs1695,2950,GWAS2
CAT,rs10836235,847,GWAS2
POR,rs13240755,5447,GWAS2
POR,rs4732513,5447,GWAS2
POR,rs13240755,5447,GWAS2
HAS3,rs2232228,3038,GWAS2
HFE,rs1799945,3077,GWAS2
HFE,rs1800562,3077,GWAS2
NOS3,rs1799983,4846,GWAS2
LGALS3,rs2184559,3958,GWAS1
NEDD4L,rs4058287,23327,GWAS1
GPSM2,rs10857972,29899,GWAS1
CLCC1,rs6704266,23155,GWAS1
LNPK,rs6752623,80856,GWAS1
TTC38,rs4253763,55020,GWAS1
CYREN,rs7777356,78996,GWAS1
PPIP5K2,rs6871111,23262,GWAS1
PPIP5K2,rs11952361,23262,GWAS1
PPIP5K2,rs32680,23262,GWAS1
PPIP5K2,rs6860588,23262,GWAS1
PPIP5K2,rs3776874,23262,GWAS1
CDPF1,rs7291763,150383,GWAS1
CDPF1,rs4253763,150383,GWAS1
CDPF1,rs11090819,150383,GWAS1
TTC38,rs7291763,55020,GWAS1
TTC38,rs11090819,55020,GWAS1
CELSR1,rs7291763,9620,GWAS1
CELSR1,rs4253763,9620,GWAS1
CELSR1,rs11090819,9620,GWAS1
NSUN7,rs11727143,79730,GWAS1
DUBR,rs11710776,344595,GWAS1
PAM,rs32680,5066,GWAS1
PAM,rs6860588,5066,GWAS1
RSU1,rs7068265,6251,GWAS1
RSU1,rs7068881,6251,GWAS1
IGF2R,rs2489944,3482,GWAS1
IGF2R,rs2465874,3482,GWAS1
PRDX6,rs10753081,9588,GWAS1
PRDX6,rs10798282,9588,GWAS1
ANKRD45,rs10753081,339416,GWAS1
ANKRD45,rs10798282,339416,GWAS1
TNFSF4,rs10753081,7292,GWAS1
TNFSF4,rs10798282,7292,GWAS1
DARS2,rs10753081,55157,GWAS1
GGACT,rs12863645,87769,GWAS1
SIRT4,rs2238161,23409,GWAS1
SIRT4,rs16950058,23409,GWAS1
SIRT4,rs5634,23409,GWAS1
PRDX6,rs4916358,9588,GWAS1
ANKRD45,rs4916358,339416,GWAS1
TNFSF4,rs4916358,7292,GWAS1
C4A,rs2233980,720,GWAS1
HLA-C,rs2233980,3107,GWAS1
CCHCR1,rs2233980,54535,GWAS1
CYP21A1P,rs2233980,1590,GWAS1
LRRTM4,rs12614202,80059,GWAS1
TUSC3,rs11203734,7991,GWAS1
PLAAT1,rs9879227,57110,GWAS1
SUCLA2,rs1745836,8803,GWAS1
APBB2,rs11727143,323,GWAS1
GIN1,rs6860588,54826,GWAS1
RARG,rs2229774,5916,GWAS2
TNS2,rs2229774,23371,GWAS2
ZNF740,rs2229774,283337,GWAS2
SLC28A3,rs7853758,64078,GWAS2
RMI1,rs7853758,80010,GWAS2
EEF1B2,N/A,1933,TWAS
FRS2,N/A,10818,TWAS
HDDC2,N/A,51020,TWAS
