Symbol,rsID
SORT1,rs10857972
SORT1,rs6704266
CUBN,rs7068265
CUBN,rs7068881
POLR3A,rs7094302
PRR5L,rs10836550
PRR5L,rs1365120
PLEKHA5,rs7399293
SPPL3,rs5634
SPPL3,rs2238161
PCCA,rs9557321
ATG14,rs1354
ATG14,rs7146775
PELI2,rs2184559
NDN,rs28684656
NDN,rs28714259
NDN,rs1875910
DGCR6,rs16983347
GRAMD4,rs4253763
GRAMD4,rs11090819
GRAMD4,rs7291763
SLC2A9,rs4697900
SLC2A9,rs9684729
SLC2A9,rs6449090
ADCY2,rs7710510
ADCY2,rs6883259
ADCY2,rs766643
RIMS1,rs1204328
AGPAT4,rs2489944
AGPAT4,rs2465874
NFE2L3,rs10248605
HNRNPA2B1,rs10248605
LPL,rs12548222
NCOA2,rs12545665
ADAMTSL1,rs776777
ABCC1,rs45511401
ABCC1,rs3743527
ABCC1,rs246221
ABCC1,rs4148350
ABCC1,rs246214
ABCC5,rs7627754
ABCB1,rs2235047
ABCB4,rs1149222
ABCB4,rs4148808
RAC2,rs13058338
CYBA,rs4673
GSTP1,rs1695
CAT,rs10836235
POR,rs13240755
POR,rs4732513
POR,rs13240755
HAS3,rs2232228
HFE,rs1799945
HFE,rs1800562
NOS3,rs1799983
LGALS3,rs2184559
NEDD4L,rs4058287
GPSM2,rs10857972
CLCC1,rs6704266
LNPK,rs6752623
TTC38,rs4253763
CYREN,rs7777356
PPIP5K2,rs6871111
PPIP5K2,rs11952361
PPIP5K2,rs32680
PPIP5K2,rs6860588
PPIP5K2,rs3776874
CDPF1,rs7291763
CDPF1,rs4253763
CDPF1,rs11090819
TTC38,rs7291763
TTC38,rs11090819
CELSR1,rs7291763
CELSR1,rs4253763
CELSR1,rs11090819
NSUN7,rs11727143
DUBR,rs11710776
PAM,rs32680
PAM,rs6860588
RSU1,rs7068265
RSU1,rs7068881
IGF2R,rs2489944
IGF2R,rs2465874
PRDX6,rs10753081
PRDX6,rs10798282
ANKRD45,rs10753081
ANKRD45,rs10798282
TNFSF4,rs10753081
TNFSF4,rs10798282
DARS2,rs10753081
GGACT,rs12863645
SIRT4,rs2238161
SIRT4,rs16950058
SIRT4,rs5634
PRDX6,rs4916358
ANKRD45,rs4916358
TNFSF4,rs4916358
C4A,rs2233980
HLA-C,rs2233980
CCHCR1,rs2233980
CYP21A1P,rs2233980
LRRTM4,rs12614202
TUSC3,rs11203734
PLAAT1,rs9879227
SUCLA2,rs1745836
APBB2,rs11727143
GIN1,rs6860588
RARG,rs2229774
TNS2,rs2229774
ZNF740,rs2229774
SLC28A3,rs7853758
RMI1,rs7853758
EEF1B2,N/A
FRS2,N/A
HDDC2,N/A
