Symbol,Entrez,rsID,p-val
HERPUD1,9709,rs247617,1E-149
ZPR1,8882,rs964184,2E-108
LPL,4023,rs765547,2E-44
NRBP1,29959,rs1728918,1E-31
PPM1G,5496,rs1728918,1E-31
FADS1,3992,rs174547,7E-25
FADS2,9415,rs174547,7E-25
PITX2,5308,rs59788391,2E-24
CDKN1A,1026,rs3176326,3E-22
SEMA5B,54437,rs7632505,8E-22
FTO,79068,rs11642015,2E-18
TRIB1,10221,rs2980853,3E-18
BAZ1B,9031,rs2074755,1E-17
CLCNKA,1187,rs28579893,5E-17
CELSR2,1952,rs602633,5E-16
ITPK1,3705,rs4905014,5E-16
PSRC1,84722,rs602633,5E-16
TTN,7273,rs2562845,2E-15
SMG6,23293,rs216193,4E-15
VPS37D,155382,rs799165,9E-15
BAG3,9531,rs17617337,2E-14
BCL3,602,rs4803750,1E-13
LSM3,27258,rs11710541,2E-13
GTF2IRD2,84163,rs202209188,4E-13
SBF2,81846,rs2957657,7E-13
SYNPO2L,79933,rs34163229,7E-13
MAP3K7CL,56911,rs56968346,9E-13
CCDC136,64753,rs3807132,1E-12
PGAP3,93210,rs12150603,1E-12
CDK6,1021,rs2282979,4E-12
HECTD4,283450,rs11066188,4E-12
RGS3,5998,rs554564741,6E-12
USP36,57602,rs2306527,6E-12
ZNF618,114991,rs554564741,6E-12
TIAL1,7073,rs11594596,8E-12
HMGCR,3156,rs7703051,9E-12
POM121C,100101267,rs6944634,9E-12
TTC39A,22996,rs80061532,1E-11
CCDC141,285025,rs10497529,2E-11
DNAJB4,11080,rs34517439,2E-11
FAF1,11124,rs116626164,2E-11
GIPC2,54810,rs34517439,2E-11
YWHAE,7531,rs117510670,2E-11
BBS9,27241,rs111739575,3E-11
NFIA,4774,rs1997997,4E-11
SUGP1,57794,rs10401969,4E-11
ZFHX3,463,rs12325072,7E-11
DERL3,91319,rs5760061,8E-11
SMARCB1,6598,rs5760061,8E-11
ZNF592,9640,rs35630683,1E-10
BPTF,2186,rs113437066,2E-10
SPATS2L,26010,rs3820888,2E-10
ASXL3,80816,rs34728432,3E-10
BACH1,571,rs2832275,3E-10
ACTN2,88,rs12724121,4E-10
CHMP3,51652,rs4832298,5E-10
LMF1,64788,rs12598405,6E-10
MLIP,90523,rs6915002,6E-10
GTF2I,2969,rs7795282,8E-10
SLC30A3,7781,rs6759518,8E-10
CYB5B,80777,rs12933292,9E-10
NFAT5,10725,rs12933292,9E-10
SIK3,23387,rs7115242,0.000000001
CAMK2D,817,rs17620390,0.000000002
IRAK1BP1,134728,rs9361413,0.000000002
PROM1,8842,rs1850507,0.000000002
SCARB1,949,rs10846742,0.000000002
TCF7L2,6934,rs4506565,0.000000002
TMEM18,129787,rs12992672,0.000000002
AKR1A1,10327,rs666720,0.000000003
DNAJC18,202052,rs11242465,0.000000003
FLNC,2318,rs34373805,0.000000003
PRKCA,5578,rs4328478,0.000000003
STRN,6801,rs11124554,0.000000003
ATXN2,6311,rs3184504,0.000000004
SH2B3,10019,rs3184504,0.000000004
ACAD10,80724,rs2013002,0.000000006
ALDH2,217,rs2013002,0.000000006
AOPEP,84909,rs137908951,0.000000006
RNF207,388591,rs846111,0.000000006
DMAC2,55101,rs13346603,0.000000007
ZEB2,9839,rs7564469,0.000000007
AGO2,27161,rs1962104,0.000000008
PKD1,5310,rs9938566,0.000000009
CEP85L,387119,rs11153730,0.00000001
MYO1C,4641,rs8069650,0.00000001
PRKD1,5587,rs959388,0.00000001
RIC8B,55188,rs7977247,0.00000001
SLC35F1,222553,rs11153730,0.00000001
USP3,9960,rs10519210,0.00000001
ANKRD26,22852,rs7081476,0.00000002
CERT1,10087,rs4704221,0.00000002
GOSR2,9570,rs76774446,0.00000002
HEATR5B,54497,rs17038861,0.00000002
KLHDC8B,200942,rs7617480,0.00000002
KLHL3,26249,rs11745324,0.00000002
MAPT,4137,rs242562,0.00000002
MIA3,375056,rs17163345,0.00000002
PNMT,5409,rs3764351,0.00000002
SLC39A8,64116,rs233806,0.00000002
DYSF,8291,rs4852257,0.00000003
INPP5F,22876,rs11199073,0.00000003
KY,339855,rs13092177,0.00000003
NPC1,4864,rs1652348,0.00000003
PDE4B,5142,rs79682748,0.00000003
PHACTR1,221692,rs9349379,0.00000003
PHIP,55023,rs9352691,0.00000003
POLK,51426,rs5744680,0.00000003
RPL22,6146,rs114300540,0.00000003
SGIP1,84251,rs79682748,0.00000003
SYMPK,8189,rs10520390,0.00000003
ZNF638,27332,rs4852257,0.00000003
AVEN,57099,rs187108425,0.00000004
E2F1,1869,rs57668191,0.00000004
FOXN3,1112,rs71415423,0.00000004
NEDD4L,23327,rs10871753,0.00000004
PXMP4,11264,rs57668191,0.00000004
RGS10,6001,rs148802390,0.00000004
