ID,Description,GeneRatio,BgRatio,pvalue,p.adjust,qvalue,geneID,Count,Category
GO:0007059,chromosome segregation,88/262,373/12185,3.89E-69,7.16E-66,5.99E-66,55143/991/11004/6491/163786/29899/84722/83540/55732/91687/259266/9928/4751/1063/11130/983/3832/4288/81930/3619/113130/9918/29127/9700/9735/221150/55835/9787/701/90417/57082/11339/51203/9133/55055/9493/9055/116028/5347/81620/9212/10615/990/7153/672/146909/83990/332/10403/220134/147841/79172/23397/699/57405/151246/55355/22974/79980/81610/4605/11065/6790/79019/2177/151648/10051/1894/10460/64151/1062/4085/84057/79682/9319/64105/891/64946/9232/54908/3833/7272/387103/54892/157313/157570/24137/2491,88,Biological Process
GO:0000280,nuclear division,80/262,350/12185,3.05E-61,2.81E-58,2.35E-58,55143/991/11004/8438/84722/83540/259266/9928/4751/1063/11130/983/9585/3832/4288/81930/3619/113130/1111/10635/9918/29127/9700/9735/675/79866/9787/701/90417/57082/5888/51203/9133/55055/9493/9055/9088/5347/81620/2175/9212/10615/7153/146909/146956/83990/332/10403/147841/27338/23397/699/57405/22974/79980/4605/11065/6790/2177/151648/10051/64151/1062/4085/84057/9319/64105/891/995/9232/54908/3833/7272/54443/63979/54892/157313/25788/24137/2491,80,Biological Process
GO:0048285,organelle fission,80/262,393/12185,5.33E-57,3.27E-54,2.74E-54,55143/991/11004/8438/84722/83540/259266/9928/4751/1063/11130/983/9585/3832/4288/81930/3619/113130/1111/10635/9918/29127/9700/9735/675/79866/9787/701/90417/57082/5888/51203/9133/55055/9493/9055/9088/5347/81620/2175/9212/10615/7153/146909/146956/83990/332/10403/147841/27338/23397/699/57405/22974/79980/4605/11065/6790/2177/151648/10051/64151/1062/4085/84057/9319/64105/891/995/9232/54908/3833/7272/54443/63979/54892/157313/25788/24137/2491,80,Biological Process
GO:0098813,nuclear chromosome segregation,68/262,268/12185,6.59E-55,3.03E-52,2.54E-52,55143/991/11004/84722/83540/259266/9928/4751/1063/11130/983/3832/81930/3619/113130/9918/29127/9700/9735/9787/701/90417/57082/51203/9133/55055/9493/9055/116028/5347/81620/9212/10615/990/7153/146909/83990/332/10403/147841/23397/699/57405/22974/79980/81610/4605/11065/6790/2177/151648/10051/1894/10460/64151/1062/4085/84057/9319/64105/891/9232/54908/3833/7272/54892/24137/2491,68,Biological Process
GO:0140014,mitotic nuclear division,64/262,250/12185,7.99E-52,2.94E-49,2.46E-49,55143/991/11004/84722/83540/9928/4751/1063/11130/983/9585/3832/4288/81930/3619/113130/1111/9918/29127/9700/9735/79866/9787/701/90417/57082/51203/55055/9493/9055/9088/5347/81620/9212/10615/146909/332/10403/147841/27338/23397/699/57405/22974/79980/4605/11065/6790/10051/64151/1062/4085/9319/64105/891/995/54908/3833/7272/54443/54892/157313/24137/2491,64,Biological Process
GO:0044770,cell cycle phase transition,81/262,496/12185,7.25E-50,2.23E-47,1.86E-47,1870/63967/55143/991/6491/1031/4998/8317/163786/128239/83540/9928/51514/1063/11130/983/1763/6240/3619/113130/3014/1111/2305/9700/8914/9735/5426/55835/675/1033/9787/701/57082/5888/79968/9133/51065/54962/55055/90381/641/899/9088/5347/81620/9212/990/672/146956/83990/332/10403/5932/147841/27338/6241/4436/699/57405/1869/5933/81610/11065/6790/8318/51512/2177/11073/10460/1062/4085/890/9319/891/995/54908/1026/7272/54443/10926/9833,81,Biological Process
GO:0000819,sister chromatid segregation,58/262,215/12185,2.88E-48,7.07E-46,5.91E-46,55143/991/11004/84722/83540/9928/4751/1063/11130/983/3832/81930/3619/113130/9918/29127/9700/9735/9787/701/90417/57082/51203/55055/9493/9055/116028/5347/81620/9212/10615/990/7153/146909/332/10403/147841/23397/699/57405/22974/79980/4605/11065/10051/10460/64151/1062/4085/9319/64105/891/54908/3833/7272/54892/24137/2491,58,Biological Process
GO:0000070,mitotic sister chromatid segregation,54/262,176/12185,3.07E-48,7.07E-46,5.91E-46,55143/991/11004/84722/83540/9928/4751/1063/11130/983/3832/81930/3619/113130/9918/29127/9700/9735/9787/701/90417/57082/51203/55055/9493/9055/5347/81620/9212/10615/146909/332/10403/147841/23397/699/57405/22974/79980/4605/11065/10051/64151/1062/4085/9319/64105/891/54908/3833/7272/54892/24137/2491,54,Biological Process
GO:1901987,regulation of cell cycle phase transition,70/262,388/12185,1.01E-45,2.06E-43,1.72E-43,63967/55143/991/6491/1031/4998/8317/163786/83540/9928/51514/1063/11130/983/1763/6240/3619/113130/3014/1111/9700/8914/9735/55835/675/9787/701/57082/5888/79968/51065/54962/55055/90381/641/9088/5347/81620/9212/990/672/146956/83990/332/10403/5932/147841/6241/4436/699/57405/1869/5933/81610/11065/6790/8318/51512/2177/11073/1062/4085/9319/891/995/54908/1026/7272/54443/10926,70,Biological Process
GO:0006260,DNA replication,58/262,260/12185,4.07E-43,7.49E-41,6.26E-41,4678/4998/8317/51514/55388/983/1763/6240/374393/23649/10714/1111/1663/8914/5557/5985/5426/675/5983/5427/11169/5888/9768/80119/54962/90381/641/63922/116028/51659/81620/990/672/146956/7083/5932/10036/6241/4175/9837/8208/8318/4174/10293/10721/4171/11073/5984/890/51053/4172/253714/5982/10926/4176/157570/4173/79075,58,Biological Process
GO:0000075,cell cycle checkpoint signaling,50/262,185/12185,1.51E-41,2.53E-39,2.12E-39,63967/55143/991/4998/83540/51514/1063/11130/983/1763/3619/3014/1111/8914/9735/675/701/57082/5888/79968/51065/54962/55055/90381/641/5347/81620/9212/990/672/146956/83990/332/10403/5932/147841/4436/699/57405/1869/8318/51512/2177/11073/4085/9319/891/54908/1026/7272,50,Biological Process
GO:0044772,mitotic cell cycle phase transition,67/262,409/12185,7.31E-41,1.12E-38,9.39E-39,1870/63967/55143/991/6491/1031/4998/8317/163786/128239/83540/9928/51514/1063/11130/983/6240/3619/113130/1111/2305/9700/9735/5426/55835/1033/9787/701/57082/9133/51065/55055/90381/641/899/9088/5347/9212/990/672/332/10403/5932/147841/27338/6241/699/57405/1869/5933/11065/6790/51512/11073/10460/1062/4085/890/9319/891/995/54908/1026/7272/54443/10926/9833,67,Biological Process
GO:0006261,DNA-templated DNA replication,45/262,153/12185,3.36E-39,4.76E-37,3.98E-37,4998/8317/55388/1763/6240/23649/10714/1663/8914/5557/5985/5426/675/5983/5427/11169/5888/54962/90381/641/63922/51659/81620/990/672/146956/7083/5932/4175/9837/8318/4174/10293/10721/4171/11073/5984/51053/4172/253714/5982/10926/4176/4173/79075,45,Biological Process
GO:0007346,regulation of mitotic cell cycle,67/262,439/12185,7.75E-39,1.02E-36,8.52E-37,63967/55143/991/6491/1031/4998/8317/163786/83540/9928/4751/51514/1063/11130/983/9585/4288/6240/3619/113130/1111/9700/9735/55835/675/79866/9787/701/57082/51203/51065/54962/55055/90381/641/9088/5347/9212/990/672/146956/332/10403/5932/147841/6241/4436/699/57405/1869/5933/11065/6790/51512/2177/11073/1062/4085/9319/891/995/54908/51053/1026/7272/54443/157313,67,Biological Process
GO:0010948,negative regulation of cell cycle process,55/262,273/12185,2.64E-38,3.20E-36,2.68E-36,63967/55143/991/4998/83540/4751/51514/1063/11130/983/1763/3619/3014/1111/9700/8914/9735/675/701/57082/5888/79968/51065/54962/55055/90381/641/899/9088/5347/81620/9212/990/672/146956/83990/332/10403/5932/147841/4436/699/57405/1869/5933/8318/51512/2177/11073/4085/9319/891/54908/1026/7272,55,Biological Process
GO:1901988,negative regulation of cell cycle phase transition,52/262,236/12185,2.78E-38,3.20E-36,2.68E-36,63967/55143/991/4998/83540/51514/1063/11130/983/1763/3619/3014/1111/8914/9735/675/701/57082/5888/79968/51065/54962/55055/90381/641/9088/5347/81620/9212/990/672/146956/83990/332/10403/5932/147841/4436/699/57405/1869/5933/8318/51512/2177/11073/4085/9319/891/54908/1026/7272,52,Biological Process
GO:1901990,regulation of mitotic cell cycle phase transition,54/262,303/12185,1.12E-34,1.22E-32,1.02E-32,63967/55143/991/6491/1031/4998/8317/163786/83540/9928/51514/1063/11130/983/6240/3619/113130/1111/9700/9735/55835/9787/701/57082/51065/55055/90381/641/5347/9212/990/672/332/10403/5932/147841/6241/699/57405/1869/5933/11065/6790/51512/11073/1062/4085/9319/891/995/54908/1026/7272/54443,54,Biological Process
GO:0007093,mitotic cell cycle checkpoint signaling,40/262,138/12185,1.41E-34,1.44E-32,1.21E-32,63967/55143/991/4998/83540/51514/1063/11130/983/3619/1111/9735/701/57082/51065/54962/55055/90381/641/5347/9212/990/672/146956/332/10403/5932/147841/4436/699/57405/51512/2177/11073/4085/9319/891/54908/1026/7272,40,Biological Process
GO:0045786,negative regulation of cell cycle,56/262,334/12185,1.66E-34,1.61E-32,1.34E-32,63967/55143/991/4998/83540/4751/51514/1063/11130/983/1763/3619/3014/1111/9700/8914/9735/675/701/57082/5888/79968/51065/54962/55055/90381/641/899/9088/5347/81620/9212/990/672/146956/83990/332/10403/5932/147841/4436/699/57405/1869/5933/8318/51512/2177/11073/4085/9319/891/54908/51053/1026/7272,56,Biological Process
GO:0051983,regulation of chromosome segregation,38/262,122/12185,3.36E-34,3.09E-32,2.59E-32,55143/991/11004/83540/1063/11130/983/4288/3619/9918/9700/9735/9787/701/57082/55055/116028/5347/9212/990/332/10403/147841/23397/699/57405/11065/10051/10460/64151/1062/4085/9319/891/54908/7272/54892/157313,38,Biological Process
GO:0007088,regulation of mitotic nuclear division,35/262,102/12185,3.14E-33,2.76E-31,2.31E-31,55143/991/83540/4751/1063/11130/9585/4288/3619/1111/9700/9735/79866/9787/701/57082/51203/55055/9088/5347/9212/332/10403/147841/699/57405/11065/6790/4085/9319/891/995/54908/7272/157313,35,Biological Process
GO:0051783,regulation of nuclear division,36/262,118/12185,4.65E-32,3.89E-30,3.26E-30,55143/991/83540/4751/1063/11130/9585/4288/3619/1111/10635/9700/9735/79866/9787/701/57082/51203/55055/9088/5347/9212/332/10403/147841/699/57405/11065/6790/4085/9319/891/995/54908/7272/157313,36,Biological Process
GO:1905818,regulation of chromosome separation,30/262,71/12185,7.75E-32,6.21E-30,5.19E-30,55143/991/83540/1063/11130/3619/9918/9700/9735/9787/701/57082/55055/5347/9212/332/10403/147841/23397/699/57405/11065/10051/64151/4085/9319/891/54908/7272/54892,30,Biological Process
GO:1902850,microtubule cytoskeleton organization involved in mitosis,39/262,154/12185,3.22E-31,2.47E-29,2.07E-29,55143/991/6491/163786/29899/84722/83540/4751/983/3832/3619/29127/9700/55835/79866/9787/51203/9493/9055/5347/9212/332/10403/284403/1058/57405/22974/4605/6790/10460/1062/4085/891/64946/54908/3833/7272/89958/24137,39,Biological Process
GO:0051304,chromosome separation,30/262,77/12185,1.53E-30,1.13E-28,9.42E-29,55143/991/83540/1063/11130/3619/9918/9700/9735/9787/701/57082/55055/5347/9212/332/10403/147841/23397/699/57405/11065/10051/64151/4085/9319/891/54908/7272/54892,30,Biological Process
GO:0090068,positive regulation of cell cycle process,43/262,208/12185,2.13E-30,1.51E-28,1.26E-28,55143/991/6491/8317/163786/29899/9928/51514/983/9585/6240/3619/113130/10635/9918/1663/29127/9700/11113/55835/9787/51203/9493/9212/10615/990/332/10403/6241/23397/699/81610/11065/6790/10051/1894/64151/4085/10733/891/995/10926/54892,43,Biological Process
GO:0045787,positive regulation of cell cycle,46/262,265/12185,5.60E-29,3.82E-27,3.19E-27,55143/991/6491/8317/163786/29899/84722/9928/51514/983/9585/6240/3619/113130/1111/10635/9918/1663/29127/9700/11113/55835/675/9787/51203/9493/9212/10615/990/332/10403/6241/23397/699/81610/11065/6790/10051/1894/64151/4085/10733/891/995/10926/54892,46,Biological Process
GO:0045930,negative regulation of mitotic cell cycle,41/262,209/12185,4.85E-28,3.19E-26,2.67E-26,63967/55143/991/4998/83540/51514/1063/11130/983/3619/1111/9735/701/57082/51065/54962/55055/90381/641/5347/9212/990/672/146956/332/10403/5932/147841/4436/699/57405/5933/51512/2177/11073/4085/9319/891/54908/1026/7272,41,Biological Process
GO:0051310,metaphase chromosome alignment,30/262,92/12185,8.13E-28,5.17E-26,4.32E-26,55143/11004/84722/83540/9928/4751/1063/81930/3619/113130/29127/9735/90417/57082/55055/81620/9212/10615/332/10403/147841/57405/79980/81610/151648/1894/1062/891/54908/3833,30,Biological Process
GO:1901991,negative regulation of mitotic cell cycle phase transition,37/262,165/12185,1.44E-27,8.87E-26,7.41E-26,63967/55143/991/4998/83540/51514/1063/11130/983/3619/1111/9735/701/57082/51065/55055/90381/641/5347/9212/990/672/332/10403/5932/147841/699/57405/5933/51512/11073/4085/9319/891/54908/1026/7272,37,Biological Process
GO:0010965,regulation of mitotic sister chromatid separation,25/262,57/12185,3.49E-27,2.07E-25,1.73E-25,55143/991/83540/1063/11130/3619/9700/9735/9787/701/57082/55055/5347/9212/332/10403/147841/699/57405/11065/4085/9319/891/54908/7272,25,Biological Process
GO:0050000,chromosome localization,31/262,106/12185,4.61E-27,2.65E-25,2.22E-25,55143/11004/84722/83540/9928/4751/1063/81930/3619/113130/29127/9735/9787/90417/57082/55055/81620/9212/10615/332/10403/147841/57405/79980/81610/151648/1894/1062/891/54908/3833,31,Biological Process
GO:0051303,establishment of chromosome localization,30/262,98/12185,6.99E-27,3.90E-25,3.26E-25,55143/11004/84722/83540/9928/4751/1063/81930/3619/113130/29127/9735/90417/57082/55055/81620/9212/10615/332/10403/147841/57405/79980/81610/151648/1894/1062/891/54908/3833,30,Biological Process
GO:0033045,regulation of sister chromatid segregation,30/262,100/12185,1.38E-26,7.48E-25,6.25E-25,55143/991/83540/1063/11130/983/3619/9700/9735/9787/701/57082/55055/116028/5347/9212/990/332/10403/147841/699/57405/11065/10460/1062/4085/9319/891/54908/7272,30,Biological Process
GO:0051306,mitotic sister chromatid separation,25/262,60/12185,1.72E-26,9.07E-25,7.59E-25,55143/991/83540/1063/11130/3619/9700/9735/9787/701/57082/55055/5347/9212/332/10403/147841/699/57405/11065/4085/9319/891/54908/7272,25,Biological Process
GO:0007051,spindle organization,38/262,189/12185,1.96E-26,1.00E-24,8.37E-25,79000/55143/991/6491/163786/29899/84722/83540/259266/4751/3832/3619/29127/9700/55835/79866/9787/90417/9133/9493/9055/5347/9212/10615/332/10403/284403/57405/22974/4605/6790/10460/1062/891/64946/3833/7272/24137,38,Biological Process
GO:0007052,mitotic spindle organization,32/262,125/12185,6.93E-26,3.45E-24,2.88E-24,55143/991/6491/163786/29899/84722/83540/4751/3832/3619/29127/55835/79866/9787/9493/9055/5347/9212/332/10403/284403/57405/22974/4605/6790/10460/1062/891/64946/3833/7272/24137,32,Biological Process
GO:0007094,mitotic spindle assembly checkpoint signaling,22/262,44/12185,1.17E-25,5.41E-24,4.52E-24,55143/991/83540/1063/11130/3619/9735/701/57082/55055/5347/9212/332/10403/147841/699/57405/4085/9319/891/54908/7272,22,Biological Process
GO:0071173,spindle assembly checkpoint signaling,22/262,44/12185,1.17E-25,5.41E-24,4.52E-24,55143/991/83540/1063/11130/3619/9735/701/57082/55055/5347/9212/332/10403/147841/699/57405/4085/9319/891/54908/7272,22,Biological Process
GO:0071174,mitotic spindle checkpoint signaling,22/262,44/12185,1.17E-25,5.41E-24,4.52E-24,55143/991/83540/1063/11130/3619/9735/701/57082/55055/5347/9212/332/10403/147841/699/57405/4085/9319/891/54908/7272,22,Biological Process
GO:0031577,spindle checkpoint signaling,22/262,45/12185,2.25E-25,1.01E-23,8.47E-24,55143/991/83540/1063/11130/3619/9735/701/57082/55055/5347/9212/332/10403/147841/699/57405/4085/9319/891/54908/7272,22,Biological Process
GO:0051321,meiotic cell cycle,37/262,189/12185,2.57E-25,1.13E-23,9.41E-24,991/8438/83540/259266/4751/9156/81930/3619/3014/10635/9918/9700/675/5888/9133/9088/5347/2175/7153/146956/83990/10403/5932/23397/151246/6790/2177/151648/10051/84057/9319/995/9232/7272/63979/7516/25788,37,Biological Process
GO:0007091,metaphase/anaphase transition of mitotic cell cycle,28/262,91/12185,3.22E-25,1.38E-23,1.15E-23,55143/991/83540/1063/11130/3619/9700/9735/9787/701/57082/55055/5347/9212/990/332/10403/147841/699/57405/11065/10460/1062/4085/9319/891/54908/7272,28,Biological Process
GO:0033047,regulation of mitotic sister chromatid segregation,23/262,52/12185,3.40E-25,1.43E-23,1.19E-23,55143/991/83540/1063/11130/983/3619/9735/701/57082/55055/5347/9212/332/10403/147841/699/57405/4085/9319/891/54908/7272,23,Biological Process
GO:0033046,negative regulation of sister chromatid segregation,22/262,46/12185,4.24E-25,1.63E-23,1.36E-23,55143/991/83540/1063/11130/3619/9735/701/57082/55055/5347/9212/332/10403/147841/699/57405/4085/9319/891/54908/7272,22,Biological Process
GO:0033048,negative regulation of mitotic sister chromatid segregation,22/262,46/12185,4.24E-25,1.63E-23,1.36E-23,55143/991/83540/1063/11130/3619/9735/701/57082/55055/5347/9212/332/10403/147841/699/57405/4085/9319/891/54908/7272,22,Biological Process
GO:0045841,negative regulation of mitotic metaphase/anaphase transition,22/262,46/12185,4.24E-25,1.63E-23,1.36E-23,55143/991/83540/1063/11130/3619/9735/701/57082/55055/5347/9212/332/10403/147841/699/57405/4085/9319/891/54908/7272,22,Biological Process
GO:2000816,negative regulation of mitotic sister chromatid separation,22/262,46/12185,4.24E-25,1.63E-23,1.36E-23,55143/991/83540/1063/11130/3619/9735/701/57082/55055/5347/9212/332/10403/147841/699/57405/4085/9319/891/54908/7272,22,Biological Process
GO:0044784,metaphase/anaphase transition of cell cycle,28/262,93/12185,6.39E-25,2.40E-23,2.01E-23,55143/991/83540/1063/11130/3619/9700/9735/9787/701/57082/55055/5347/9212/990/332/10403/147841/699/57405/11065/10460/1062/4085/9319/891/54908/7272,28,Biological Process
GO:0051985,negative regulation of chromosome segregation,22/262,47/12185,7.82E-25,2.77E-23,2.32E-23,55143/991/83540/1063/11130/3619/9735/701/57082/55055/5347/9212/332/10403/147841/699/57405/4085/9319/891/54908/7272,22,Biological Process
GO:1902100,negative regulation of metaphase/anaphase transition of cell cycle,22/262,47/12185,7.82E-25,2.77E-23,2.32E-23,55143/991/83540/1063/11130/3619/9735/701/57082/55055/5347/9212/332/10403/147841/699/57405/4085/9319/891/54908/7272,22,Biological Process
GO:1905819,negative regulation of chromosome separation,22/262,47/12185,7.82E-25,2.77E-23,2.32E-23,55143/991/83540/1063/11130/3619/9735/701/57082/55055/5347/9212/332/10403/147841/699/57405/4085/9319/891/54908/7272,22,Biological Process
GO:0045839,negative regulation of mitotic nuclear division,23/262,54/12185,1.01E-24,3.51E-23,2.93E-23,55143/991/83540/1063/11130/3619/1111/9735/701/57082/55055/5347/9212/332/10403/147841/699/57405/4085/9319/891/54908/7272,23,Biological Process
GO:0008608,attachment of spindle microtubules to kinetochore,22/262,48/12185,1.42E-24,4.83E-23,4.04E-23,55143/11004/83540/4751/3619/29127/9735/90417/57082/55055/81620/9212/10615/332/10403/147841/57405/79980/151648/1894/1062/891,22,Biological Process
GO:0030071,regulation of mitotic metaphase/anaphase transition,27/262,87/12185,1.83E-24,6.13E-23,5.12E-23,55143/991/83540/1063/11130/3619/9700/9735/9787/701/57082/55055/5347/9212/990/332/10403/147841/699/57405/11065/1062/4085/9319/891/54908/7272,27,Biological Process
GO:1902099,regulation of metaphase/anaphase transition of cell cycle,27/262,89/12185,3.65E-24,1.20E-22,1.00E-22,55143/991/83540/1063/11130/3619/9700/9735/9787/701/57082/55055/5347/9212/990/332/10403/147841/699/57405/11065/1062/4085/9319/891/54908/7272,27,Biological Process
GO:0051784,negative regulation of nuclear division,23/262,57/12185,4.66E-24,1.51E-22,1.26E-22,55143/991/83540/1063/11130/3619/1111/9735/701/57082/55055/5347/9212/332/10403/147841/699/57405/4085/9319/891/54908/7272,23,Biological Process
GO:0006302,double-strand break repair,42/262,278/12185,5.31E-24,1.69E-22,1.41E-22,79000/8438/8317/1763/113130/3014/1111/2305/10635/1663/8914/55010/675/5888/641/116028/51659/672/146956/83990/5932/29128/4436/4175/8318/4174/2177/10721/4171/7468/55345/3148/9319/7913/4172/253714/63979/4176/7516/157570/4173/25788,42,Biological Process
GO:0033044,regulation of chromosome organization,39/262,237/12185,1.01E-23,3.15E-22,2.63E-22,55143/991/83540/4751/1063/11130/983/3619/9918/1663/9700/9735/9787/701/57082/80119/55055/116028/5347/9212/990/7153/332/10403/147841/23397/699/57405/11065/10051/10460/64151/1062/4085/9319/891/54908/7272/54892,39,Biological Process
GO:0006310,DNA recombination,41/262,268/12185,1.18E-23,3.62E-22,3.03E-22,79000/8438/8317/9156/3014/1111/10635/8914/55010/675/5888/80119/641/116028/51659/7153/672/146956/83990/3838/5932/29128/4436/4175/8318/4174/2177/10721/4171/11073/7468/84057/3148/9319/4172/253714/63979/4176/7516/4173/25788,41,Biological Process
GO:1903046,meiotic cell cycle process,31/262,138/12185,3.09E-23,9.35E-22,7.81E-22,991/8438/83540/259266/81930/3619/10635/9918/9700/675/5888/9133/9088/5347/2175/7153/146956/83990/10403/23397/6790/2177/151648/10051/84057/9319/995/9232/7272/63979/25788,31,Biological Process
GO:0090329,regulation of DNA-templated DNA replication,20/262,43/12185,1.33E-22,3.96E-21,3.31E-21,8317/8914/5985/5983/54962/90381/641/63922/81620/4175/4174/4171/5984/51053/4172/5982/10926/4176/4173/79075,20,Biological Process
GO:0032392,DNA geometric change,25/262,83/12185,2.32E-22,6.79E-21,5.68E-21,1763/1663/5985/5983/5888/80119/641/63922/51659/7153/83990/4175/9837/8318/4174/10721/4171/5984/3148/4172/5982/4176/4173/25788/79075,25,Biological Process
GO:0032508,DNA duplex unwinding,24/262,77/12185,6.59E-22,1.90E-20,1.58E-20,1763/1663/5985/5983/5888/80119/641/63922/51659/7153/83990/4175/9837/8318/4174/10721/4171/5984/4172/5982/4176/4173/25788/79075,24,Biological Process
GO:0071103,DNA conformation change,25/262,89/12185,1.61E-21,4.55E-20,3.81E-20,1763/1663/5985/5983/5888/80119/641/63922/51659/7153/83990/4175/9837/8318/4174/10721/4171/5984/3148/4172/5982/4176/4173/25788/79075,25,Biological Process
GO:2001251,negative regulation of chromosome organization,25/262,90/12185,2.18E-21,6.09E-20,5.09E-20,55143/991/83540/1063/11130/3619/9700/9735/701/57082/80119/55055/5347/9212/7153/332/10403/147841/699/57405/4085/9319/891/54908/7272,25,Biological Process
GO:0140013,meiotic nuclear division,28/262,123/12185,3.04E-21,8.36E-20,6.99E-20,991/8438/83540/259266/81930/3619/10635/9700/675/5888/9133/5347/2175/7153/146956/83990/10403/23397/6790/2177/151648/10051/84057/9319/9232/7272/63979/25788,28,Biological Process
GO:0031570,DNA integrity checkpoint signaling,28/262,130/12185,1.53E-20,4.13E-19,3.45E-19,63967/4998/51514/983/1763/3014/1111/8914/675/5888/79968/51065/54962/90381/641/5347/81620/990/672/146956/83990/4436/1869/8318/51512/2177/11073/1026,28,Biological Process
GO:0006275,regulation of DNA replication,25/262,111/12185,5.92E-19,1.58E-17,1.32E-17,8317/983/1763/8914/5985/5983/54962/90381/641/63922/81620/990/4175/4174/4171/5984/890/51053/4172/5982/10926/4176/157570/4173/79075,25,Biological Process
GO:0000724,double-strand break repair via homologous recombination,28/262,157/12185,3.21E-18,8.37E-17,7.00E-17,79000/8438/8317/3014/1111/10635/8914/55010/675/5888/641/116028/51659/672/5932/29128/4175/8318/4174/10721/4171/4172/253714/63979/4176/7516/4173/25788,28,Biological Process
GO:0051052,regulation of DNA metabolic process,45/262,452/12185,3.23E-18,8.37E-17,7.00E-17,79000/8317/4751/983/1763/3014/1111/2305/10635/1663/8914/55010/5985/5983/5888/80119/54962/90381/641/63922/116028/81620/9212/990/672/3838/4436/4175/4174/10721/4171/5984/7468/890/7913/51053/1026/4172/63979/5982/10926/4176/157570/4173/79075,45,Biological Process
GO:0006270,DNA replication initiation,16/262,35/12185,3.72E-18,9.53E-17,7.96E-17,4998/55388/23649/5557/90381/81620/990/4175/8318/4174/4171/11073/51053/4172/4176/4173,16,Biological Process
GO:0044839,cell cycle G2/M phase transition,27/262,146/12185,4.99E-18,1.26E-16,1.05E-16,63967/4998/8317/9928/51514/1063/983/6240/1111/2305/9133/90381/641/9088/5347/9212/990/672/10403/5932/6790/11073/890/891/995/1026/9833,27,Biological Process
GO:0000725,recombinational repair,28/262,161/12185,6.45E-18,1.60E-16,1.34E-16,79000/8438/8317/3014/1111/10635/8914/55010/675/5888/641/116028/51659/672/5932/29128/4175/8318/4174/10721/4171/4172/253714/63979/4176/7516/4173/25788,28,Biological Process
GO:0033260,nuclear DNA replication,16/262,38/12185,1.93E-17,4.73E-16,3.95E-16,8317/1763/675/5888/54962/641/81620/7083/4175/9837/8318/4171/51053/4172/10926/4173,16,Biological Process
GO:0000086,G2/M transition of mitotic cell cycle,25/262,132/12185,4.98E-17,1.21E-15,1.01E-15,63967/4998/8317/9928/51514/1063/983/6240/1111/2305/90381/641/9088/5347/9212/990/672/5932/6790/11073/890/891/995/1026/9833,25,Biological Process
GO:0051225,spindle assembly,24/262,123/12185,1.05E-16,2.52E-15,2.10E-15,55143/991/6491/163786/29899/259266/4751/3832/3619/29127/55835/9133/9493/9055/5347/9212/10615/332/10403/22974/4605/6790/3833/24137,24,Biological Process
GO:0044786,cell cycle DNA replication,16/262,42/12185,1.33E-16,3.15E-15,2.64E-15,8317/1763/675/5888/54962/641/81620/7083/4175/9837/8318/4171/51053/4172/10926/4173,16,Biological Process
GO:0140694,non-membrane-bounded organelle assembly,39/262,375/12185,1.67E-16,3.89E-15,3.25E-15,55143/991/6491/163786/29899/259266/4751/1063/3832/3619/29127/9735/55835/9787/22995/9133/51065/9493/9055/5347/9212/10615/672/332/10403/25914/284403/1058/22974/4605/6790/1062/10733/64105/64946/3833/387103/54443/24137,39,Biological Process
GO:0061982,meiosis I cell cycle process,20/262,81/12185,3.14E-16,7.24E-15,6.05E-15,991/8438/10635/9700/675/5888/9133/9088/5347/7153/146956/83990/10403/6790/2177/84057/9319/995/9232/25788,20,Biological Process
GO:1902749,regulation of cell cycle G2/M phase transition,22/262,107/12185,6.49E-16,1.48E-14,1.23E-14,63967/4998/8317/9928/51514/1063/983/6240/1111/90381/641/9088/5347/9212/990/672/5932/6790/11073/891/995/1026,22,Biological Process
GO:0010389,regulation of G2/M transition of mitotic cell cycle,21/262,96/12185,7.99E-16,1.79E-14,1.50E-14,63967/4998/8317/9928/51514/1063/983/6240/1111/90381/641/5347/9212/990/672/5932/6790/11073/891/995/1026,21,Biological Process
GO:0051656,establishment of organelle localization,39/262,402/12185,1.76E-15,3.90E-14,3.26E-14,55143/11004/29899/84722/83540/9928/4751/1063/81930/3619/113130/29127/9700/9735/90417/57082/51203/55055/5347/81620/9212/10615/332/10403/84823/147841/1058/57405/79980/81610/151648/1894/1062/4085/891/4001/54908/3833/89958,39,Biological Process
GO:0051988,regulation of attachment of spindle microtubules to kinetochore,12/262,21/12185,1.88E-15,4.13E-14,3.45E-14,55143/4751/3619/29127/9735/90417/55055/9212/10615/332/1894/891,12,Biological Process
GO:1905820,positive regulation of chromosome separation,13/262,28/12185,4.39E-15,9.50E-14,7.95E-14,55143/991/3619/9918/9700/9787/9212/332/23397/11065/10051/64151/54892,13,Biological Process
GO:0000077,DNA damage checkpoint signaling,22/262,121/12185,9.89E-15,2.12E-13,1.77E-13,63967/51514/983/3014/1111/675/5888/79968/51065/54962/90381/641/5347/672/146956/83990/4436/1869/51512/2177/11073/1026,22,Biological Process
GO:0034508,centromere complex assembly,13/262,30/12185,1.35E-14,2.86E-13,2.39E-13,4678/1063/9735/9787/11339/79172/1058/55355/1062/64105/64946/387103/2491,13,Biological Process
GO:0007080,mitotic metaphase chromosome alignment,16/262,55/12185,1.86E-14,3.89E-13,3.25E-13,55143/11004/84722/83540/9928/81930/3619/113130/81620/9212/332/10403/1062/891/54908/3833,16,Biological Process
GO:0045132,meiotic chromosome segregation,16/262,57/12185,3.48E-14,7.20E-13,6.02E-13,83540/259266/9700/9133/5347/83990/10403/23397/6790/2177/151648/10051/84057/9319/9232/7272,16,Biological Process
GO:0000727,double-strand break repair via break-induced replication,9/262,11/12185,4.54E-14,9.29E-13,7.77E-13,8317/51659/4175/8318/4174/4171/4172/4176/4173,9,Biological Process
GO:0051984,positive regulation of chromosome segregation,12/262,26/12185,5.62E-14,1.14E-12,9.51E-13,55143/983/3619/9918/9212/990/332/23397/10051/64151/891/54892,12,Biological Process
GO:0006268,DNA unwinding involved in DNA replication,11/262,21/12185,1.07E-13,2.13E-12,1.78E-12,5888/641/51659/4175/9837/8318/4174/4171/4172/4176/4173,11,Biological Process
GO:0051383,kinetochore organization,11/262,21/12185,1.07E-13,2.13E-12,1.78E-12,83540/1063/9735/9787/10403/1058/10051/1062/64105/64946/387103,11,Biological Process
GO:0000281,mitotic cytokinesis,18/262,84/12185,1.44E-13,2.79E-12,2.34E-12,55143/128239/9585/55165/3619/29127/9700/11113/51203/9493/5347/9212/332/1058/1894/10112/54443/24137,18,Biological Process
GO:0044774,mitotic DNA integrity checkpoint signaling,18/262,84/12185,1.44E-13,2.79E-12,2.34E-12,63967/4998/51514/983/1111/51065/54962/90381/641/5347/990/672/146956/4436/51512/2177/11073/1026,18,Biological Process
GO:0051231,spindle elongation,9/262,12/12185,1.78E-13,3.42E-12,2.86E-12,55143/3832/3619/29127/9493/9055/9212/332/24137,9,Biological Process
GO:0007127,meiosis I,17/262,75/12185,2.60E-13,4.94E-12,4.13E-12,8438/10635/9700/675/5888/9133/5347/7153/146956/83990/10403/6790/2177/84057/9319/9232/25788,17,Biological Process
GO:0035825,homologous recombination,14/262,45/12185,2.94E-13,5.53E-12,4.62E-12,8438/10635/5888/7153/672/146956/83990/5932/29128/2177/11073/84057/9319/25788,14,Biological Process
GO:0000076,DNA replication checkpoint signaling,10/262,17/12185,3.03E-13,5.64E-12,4.72E-12,63967/4998/1763/8914/54962/90381/81620/990/8318/11073,10,Biological Process
GO:0007098,centrosome cycle,21/262,128/12185,3.40E-13,6.27E-12,5.24E-12,6491/163786/4751/983/3832/1111/55835/675/22995/9768/899/5347/672/10403/25914/284403/11190/6790/151648/10733/7516,21,Biological Process
GO:0000910,cytokinesis,23/262,166/12185,9.90E-13,1.81E-11,1.51E-11,55143/128239/9928/9585/55165/3619/29127/9700/11113/675/51203/9493/9055/5347/9212/990/332/1058/6790/1894/10112/54443/24137,23,Biological Process
GO:0030174,regulation of DNA-templated DNA replication initiation,9/262,14/12185,1.56E-12,2.82E-11,2.36E-11,90381/81620/4175/4174/4171/51053/4172/4176/4173,9,Biological Process
GO:0000022,mitotic spindle elongation,8/262,10/12185,1.78E-12,3.19E-11,2.66E-11,55143/3619/29127/9493/9055/9212/332/24137,8,Biological Process
GO:0031023,microtubule organizing center organization,21/262,140/12185,2.08E-12,3.68E-11,3.08E-11,6491/163786/4751/983/3832/1111/55835/675/22995/9768/899/5347/672/10403/25914/284403/11190/6790/151648/10733/7516,21,Biological Process
GO:0006271,DNA strand elongation involved in DNA replication,9/262,15/12185,3.83E-12,6.72E-11,5.62E-11,1763/10714/5426/5983/9837/5984/4172/4176/4173,9,Biological Process
GO:0042770,signal transduction in response to DNA damage,23/262,179/12185,4.94E-12,8.58E-11,7.17E-11,63967/51514/983/3014/1111/2305/675/5888/79968/51065/54962/90381/641/5347/672/146956/83990/4436/1869/51512/2177/11073/1026,23,Biological Process
GO:1902750,negative regulation of cell cycle G2/M phase transition,15/262,65/12185,5.17E-12,8.89E-11,7.44E-11,63967/4998/51514/983/1111/90381/641/9088/5347/9212/990/672/5932/11073/1026,15,Biological Process
GO:0010639,negative regulation of organelle organization,30/262,314/12185,6.09E-12,1.04E-10,8.68E-11,55143/991/83540/1063/11130/3619/1111/9700/9735/701/57082/80119/55055/899/5347/9212/7153/672/332/10403/147841/699/57405/22974/4085/9319/891/54908/7272/347240,30,Biological Process
GO:0032465,regulation of cytokinesis,16/262,78/12185,6.90E-12,1.17E-10,9.75E-11,55143/9928/9585/3619/29127/11113/675/9493/9055/5347/9212/990/332/6790/1894/10112,16,Biological Process
GO:0090307,mitotic spindle assembly,15/262,67/12185,8.29E-12,1.39E-10,1.16E-10,55143/991/4751/3832/3619/29127/9493/9055/5347/9212/332/22974/4605/3833/24137,15,Biological Process
GO:1902969,mitotic DNA replication,9/262,16/12185,8.60E-12,1.43E-10,1.19E-10,675/5888/7083/4175/9837/8318/4171/4172/4173,9,Biological Process
GO:0044773,mitotic DNA damage checkpoint signaling,16/262,80/12185,1.04E-11,1.71E-10,1.43E-10,63967/51514/983/1111/51065/54962/90381/641/5347/672/146956/4436/51512/2177/11073/1026,16,Biological Process
GO:0061640,cytoskeleton-dependent cytokinesis,18/262,108/12185,1.33E-11,2.17E-10,1.81E-10,55143/128239/9585/55165/3619/29127/9700/11113/51203/9493/5347/9212/332/1058/1894/10112/54443/24137,18,Biological Process
GO:1901992,positive regulation of mitotic cell cycle phase transition,16/262,82/12185,1.55E-11,2.50E-10,2.09E-10,991/6491/8317/163786/51514/983/6240/113130/9700/55835/9787/990/6241/11065/891/995,16,Biological Process
GO:0045931,positive regulation of mitotic cell cycle,18/262,109/12185,1.56E-11,2.50E-10,2.09E-10,991/6491/8317/163786/51514/983/6240/113130/9700/55835/675/9787/990/6241/11065/6790/891/995,18,Biological Process
GO:0065004,protein-DNA complex assembly,22/262,172/12185,1.61E-11,2.55E-10,2.13E-10,4678/1063/3014/9735/9787/5888/11339/81620/10036/79172/1058/55355/8208/8318/4171/1062/3148/64105/64946/51053/387103/2491,22,Biological Process
GO:0051255,spindle midzone assembly,8/262,12/12185,1.89E-11,2.97E-10,2.49E-10,55143/3619/29127/9493/9055/9212/332/24137,8,Biological Process
GO:1901989,positive regulation of cell cycle phase transition,17/262,99/12185,3.05E-11,4.76E-10,3.98E-10,991/6491/8317/163786/51514/983/6240/113130/9700/55835/9787/990/6241/81610/11065/891/995,17,Biological Process
GO:0010972,negative regulation of G2/M transition of mitotic cell cycle,14/262,62/12185,3.70E-11,5.72E-10,4.78E-10,63967/4998/51514/983/1111/90381/641/5347/9212/990/672/5932/11073/1026,14,Biological Process
GO:0044818,mitotic G2/M transition checkpoint,13/262,52/12185,4.70E-11,7.15E-10,5.98E-10,63967/4998/51514/983/1111/90381/641/5347/990/672/5932/11073/1026,13,Biological Process
GO:0045005,DNA-templated DNA replication maintenance of fidelity,13/262,52/12185,4.70E-11,7.15E-10,5.98E-10,1763/1663/8914/5426/675/5888/54962/641/672/146956/5932/10293/253714,13,Biological Process
GO:1901976,regulation of cell cycle checkpoint,12/262,43/12185,6.45E-11,9.73E-10,8.14E-10,55143/3619/675/57082/5888/79968/9212/672/332/10403/4085/891,12,Biological Process
GO:0032467,positive regulation of cytokinesis,11/262,34/12185,6.81E-11,1.02E-09,8.52E-10,55143/9928/9585/3619/29127/11113/9493/9212/990/332/1894,11,Biological Process
GO:0071897,DNA biosynthetic process,21/262,174/12185,1.44E-10,2.13E-09,1.78E-09,4751/51514/1063/6240/10714/1111/5985/5426/5983/5427/9768/80119/63922/9212/7083/10721/5984/890/1026/5982/79075,21,Biological Process
GO:0051302,regulation of cell division,19/262,141/12185,1.64E-10,2.42E-09,2.02E-09,55143/259266/9928/9585/3619/29127/11113/675/9493/641/9055/5347/9212/990/146909/332/6790/1894/10112,19,Biological Process
GO:0051315,attachment of mitotic spindle microtubules to kinetochore,9/262,21/12185,2.01E-10,2.94E-09,2.46E-09,55143/11004/83540/3619/81620/9212/332/10403/1062,9,Biological Process
GO:0044843,cell cycle G1/S phase transition,23/262,223/12185,4.51E-10,6.54E-09,5.47E-09,1870/6491/1031/8317/163786/128239/9928/983/6240/5426/55835/1033/51065/990/5932/6241/1869/5933/81610/51512/890/1026/10926,23,Biological Process
GO:0000082,G1/S transition of mitotic cell cycle,22/262,205/12185,5.12E-10,7.37E-09,6.16E-09,1870/6491/1031/8317/163786/128239/9928/983/6240/5426/55835/1033/51065/990/5932/6241/1869/5933/51512/890/1026/10926,22,Biological Process
GO:0051382,kinetochore assembly,8/262,17/12185,8.45E-10,1.20E-08,1.00E-08,1063/9735/9787/1058/1062/64105/64946/387103,8,Biological Process
GO:1901970,positive regulation of mitotic sister chromatid separation,8/262,17/12185,8.45E-10,1.20E-08,1.00E-08,55143/991/3619/9700/9787/9212/332/11065,8,Biological Process
GO:0010212,response to ionizing radiation,17/262,128/12185,1.95E-09,2.74E-08,2.29E-08,8438/6240/3014/10635/675/5888/90381/641/672/4436/2177/11073/1894/1026/63979/7516/25788,17,Biological Process
GO:0030261,chromosome condensation,10/262,35/12185,2.04E-09,2.84E-08,2.37E-08,983/113130/9918/51203/5347/7153/23397/10051/64151/54892,10,Biological Process
GO:0031297,replication fork processing,11/262,46/12185,2.52E-09,3.43E-08,2.86E-08,1763/1663/675/5888/54962/641/672/146956/5932/10293/253714,11,Biological Process
GO:0090231,regulation of spindle checkpoint,8/262,19/12185,2.53E-09,3.43E-08,2.86E-08,55143/3619/57082/9212/332/10403/4085/891,8,Biological Process
GO:0090266,regulation of mitotic cell cycle spindle assembly checkpoint,8/262,19/12185,2.53E-09,3.43E-08,2.86E-08,55143/3619/57082/9212/332/10403/4085/891,8,Biological Process
GO:1903504,regulation of mitotic spindle checkpoint,8/262,19/12185,2.53E-09,3.43E-08,2.86E-08,55143/3619/57082/9212/332/10403/4085/891,8,Biological Process
GO:0000079,regulation of cyclin-dependent protein serine/threonine kinase activity,13/262,72/12185,3.57E-09,4.81E-08,4.02E-08,1031/84722/1033/9133/641/899/9088/5347/990/890/891/995/1026,13,Biological Process
GO:0007095,mitotic G2 DNA damage checkpoint signaling,10/262,37/12185,3.72E-09,4.89E-08,4.09E-08,63967/51514/983/1111/90381/641/5347/672/11073/1026,10,Biological Process
GO:0007131,reciprocal meiotic recombination,10/262,37/12185,3.72E-09,4.89E-08,4.09E-08,8438/10635/5888/7153/146956/83990/2177/84057/9319/25788,10,Biological Process
GO:0140527,reciprocal homologous recombination,10/262,37/12185,3.72E-09,4.89E-08,4.09E-08,8438/10635/5888/7153/146956/83990/2177/84057/9319/25788,10,Biological Process
GO:1904029,regulation of cyclin-dependent protein kinase activity,13/262,74/12185,5.08E-09,6.63E-08,5.55E-08,1031/84722/1033/9133/641/899/9088/5347/990/890/891/995/1026,13,Biological Process
GO:0071459,"protein localization to chromosome, centromeric region",9/262,29/12185,5.89E-09,7.64E-08,6.39E-08,983/9735/701/57082/55055/9212/1058/54908/7272,9,Biological Process
GO:0051653,spindle localization,11/262,51/12185,8.20E-09,1.06E-07,8.83E-08,29899/259266/9700/51203/5347/10615/10403/1058/4085/54908/89958,11,Biological Process
GO:0034501,protein localization to kinetochore,7/262,15/12185,1.09E-08,1.38E-07,1.16E-07,983/9735/57082/55055/9212/54908/7272,7,Biological Process
GO:1903083,protein localization to condensed chromosome,7/262,15/12185,1.09E-08,1.38E-07,1.16E-07,983/9735/57082/55055/9212/54908/7272,7,Biological Process
GO:0051054,positive regulation of DNA metabolic process,23/262,263/12185,1.12E-08,1.41E-07,1.18E-07,8317/4751/983/1763/3014/2305/10635/1663/8914/5985/5983/5888/63922/81620/9212/672/4436/5984/7468/890/5982/10926/79075,23,Biological Process
GO:0007062,sister chromatid cohesion,11/262,53/12185,1.26E-08,1.58E-07,1.32E-07,991/113130/1663/9700/701/5347/699/151246/151648/157570/79075,11,Biological Process
GO:0031055,chromatin remodeling at centromere,6/262,10/12185,1.82E-08,2.24E-07,1.87E-07,4678/11339/1058/55355/387103/2491,6,Biological Process
GO:0034080,CENP-A containing chromatin assembly,6/262,10/12185,1.82E-08,2.24E-07,1.87E-07,4678/11339/1058/55355/387103/2491,6,Biological Process
GO:0044771,meiotic cell cycle phase transition,6/262,10/12185,1.82E-08,2.24E-07,1.87E-07,991/9133/9088/10403/995/7272,6,Biological Process
GO:0090224,regulation of spindle organization,10/262,44/12185,2.32E-08,2.83E-07,2.37E-07,6491/163786/29899/84722/55835/79866/5347/10615/22974/10460,10,Biological Process
GO:0034502,protein localization to chromosome,14/262,99/12185,2.38E-08,2.88E-07,2.41E-07,983/9735/675/701/57082/55055/5347/9212/1058/4436/54908/7272/253714/157570,14,Biological Process
GO:0022616,DNA strand elongation,9/262,35/12185,3.71E-08,4.44E-07,3.71E-07,1763/10714/5426/5983/9837/5984/4172/4176/4173,9,Biological Process
GO:0040001,establishment of mitotic spindle localization,9/262,35/12185,3.71E-08,4.44E-07,3.71E-07,29899/9700/51203/5347/10403/1058/4085/54908/89958,9,Biological Process
GO:0051293,establishment of spindle localization,10/262,47/12185,4.57E-08,5.44E-07,4.54E-07,29899/9700/51203/5347/10615/10403/1058/4085/54908/89958,10,Biological Process
GO:0090232,positive regulation of spindle checkpoint,6/262,12/12185,7.74E-08,9.08E-07,7.59E-07,55143/3619/9212/332/10403/4085,6,Biological Process
GO:0090267,positive regulation of mitotic cell cycle spindle assembly checkpoint,6/262,12/12185,7.74E-08,9.08E-07,7.59E-07,55143/3619/9212/332/10403/4085,6,Biological Process
GO:0007076,mitotic chromosome condensation,7/262,19/12185,7.93E-08,9.24E-07,7.73E-07,113130/9918/51203/5347/23397/10051/64151,7,Biological Process
GO:0036297,interstrand cross-link repair,9/262,38/12185,8.09E-08,9.38E-07,7.84E-07,55732/10635/5888/55215/2175/2177/55247/2178/2189,9,Biological Process
GO:0007143,female meiotic nuclear division,8/262,28/12185,8.79E-08,1.01E-06,8.46E-07,9133/5347/7153/10403/23397/6790/9319/7272,8,Biological Process
GO:0009314,response to radiation,25/262,343/12185,9.54E-08,1.09E-06,9.13E-07,8438/51514/6240/10714/3014/10635/675/5888/9768/54962/90381/641/9212/672/4436/11190/2177/11073/1894/1026/63979/7516/55872/25788/2189,25,Biological Process
GO:0051781,positive regulation of cell division,11/262,64/12185,9.99E-08,1.14E-06,9.50E-07,55143/9928/9585/3619/29127/11113/9493/9212/990/332/1894,11,Biological Process
GO:0060236,regulation of mitotic spindle organization,9/262,40/12185,1.31E-07,1.48E-06,1.24E-06,6491/163786/29899/84722/55835/79866/5347/22974/10460,9,Biological Process
GO:0051053,negative regulation of DNA metabolic process,14/262,114/12185,1.47E-07,1.65E-06,1.38E-06,79000/1111/8914/55010/80119/54962/641/116028/81620/990/4436/10721/51053/1026,14,Biological Process
GO:0051298,centrosome duplication,11/262,70/12185,2.59E-07,2.90E-06,2.42E-06,6491/163786/55835/675/22995/899/672/10403/25914/284403/10733,11,Biological Process
GO:0051294,establishment of spindle orientation,8/262,35/12185,5.84E-07,6.48E-06,5.42E-06,29899/5347/10615/10403/1058/4085/54908/89958,8,Biological Process
GO:0070192,chromosome organization involved in meiotic cell cycle,8/262,37/12185,9.24E-07,1.02E-05,8.52E-06,9918/5888/83990/23397/2177/10051/84057/9319,8,Biological Process
GO:1901978,positive regulation of cell cycle checkpoint,6/262,18/12185,1.39E-06,1.53E-05,1.28E-05,55143/3619/9212/332/10403/4085,6,Biological Process
GO:0007099,centriole replication,8/262,39/12185,1.42E-06,1.55E-05,1.29E-05,6491/163786/55835/22995/672/25914/284403/10733,8,Biological Process
GO:0032886,regulation of microtubule-based process,18/262,223/12185,1.50E-06,1.63E-05,1.36E-05,6491/163786/29899/84722/81930/221150/55835/79866/899/5347/10615/672/220134/284403/22974/6790/10460/10733,18,Biological Process
GO:0051987,positive regulation of attachment of spindle microtubules to kinetochore,5/262,11/12185,1.84E-06,1.98E-05,1.66E-05,55143/3619/9212/332/891,5,Biological Process
GO:2000779,regulation of double-strand break repair,13/262,122/12185,2.13E-06,2.28E-05,1.91E-05,79000/1111/2305/10635/1663/8914/55010/5888/116028/10721/7468/7913/63979,13,Biological Process
GO:0032506,cytokinetic process,8/262,42/12185,2.57E-06,2.72E-05,2.28E-05,128239/9585/55165/29127/9212/1894/10112/54443,8,Biological Process
GO:0098534,centriole assembly,8/262,42/12185,2.57E-06,2.72E-05,2.28E-05,6491/163786/55835/22995/672/25914/284403/10733,8,Biological Process
GO:0000132,establishment of mitotic spindle orientation,7/262,30/12185,2.62E-06,2.75E-05,2.30E-05,29899/5347/10403/1058/4085/54908/89958,7,Biological Process
GO:0000018,regulation of DNA recombination,12/262,106/12185,2.78E-06,2.91E-05,2.43E-05,1111/10635/8914/55010/5888/641/116028/3838/4436/10721/7468/63979,12,Biological Process
GO:2000278,regulation of DNA biosynthetic process,12/262,108/12185,3.39E-06,3.53E-05,2.95E-05,4751/1111/5985/5983/80119/63922/9212/5984/890/1026/5982/79075,12,Biological Process
GO:0022412,cellular process involved in reproduction in multicellular organism,19/262,263/12185,4.00E-06,4.14E-05,3.46E-05,259266/81930/675/57082/9133/5347/2175/7153/83990/10403/4436/23397/6790/3148/9319/7272/63979/349152/2189,19,Biological Process
GO:0060623,regulation of chromosome condensation,5/262,13/12185,4.94E-06,5.06E-05,4.23E-05,9918/23397/10051/64151/54892,5,Biological Process
GO:0090235,regulation of metaphase plate congression,5/262,13/12185,4.94E-06,5.06E-05,4.23E-05,55143/3619/9212/10615/332,5,Biological Process
GO:0045143,homologous chromosome segregation,7/262,34/12185,6.42E-06,6.53E-05,5.46E-05,9700/5347/83990/2177/84057/9319/9232,7,Biological Process
GO:1902806,regulation of cell cycle G1/S phase transition,14/262,160/12185,8.95E-06,9.06E-05,7.57E-05,6491/1031/163786/9928/6240/55835/51065/990/6241/1869/5933/81610/51512/1026,14,Biological Process
GO:0071479,cellular response to ionizing radiation,9/262,65/12185,9.56E-06,9.57E-05,8.00E-05,3014/10635/675/5888/641/672/1894/1026/63979,9,Biological Process
GO:2000573,positive regulation of DNA biosynthetic process,9/262,65/12185,9.56E-06,9.57E-05,8.00E-05,4751/5985/5983/63922/9212/5984/890/5982/79075,9,Biological Process
GO:0010638,positive regulation of organelle organization,25/262,443/12185,1.03E-05,0.000102556,8.57E-05,991/6491/163786/29899/84722/4751/983/10635/9918/1663/9700/55835/9787/51203/9212/10615/23397/699/11065/6790/10051/64151/10733/54892/11152,25,Biological Process
GO:0000731,DNA synthesis involved in DNA repair,7/262,37/12185,1.16E-05,0.000115158,9.63E-05,51514/6240/10714/5426/5983/5427/9768,7,Biological Process
GO:0046605,regulation of centrosome cycle,8/262,51/12185,1.17E-05,0.000115651,9.67E-05,6491/163786/55835/899/672/284403/6790/10733,8,Biological Process
GO:2000045,regulation of G1/S transition of mitotic cell cycle,13/262,143/12185,1.24E-05,0.000121717,0.000101761,6491/1031/163786/9928/6240/55835/51065/990/6241/1869/5933/51512/1026,13,Biological Process
GO:0051347,positive regulation of transferase activity,20/262,314/12185,1.47E-05,0.00014282,0.000119404,63967/991/84722/9928/4751/5985/5983/79866/63922/5347/9212/27338/22974/11065/1894/5984/1062/1026/5982/79075,20,Biological Process
GO:0051785,positive regulation of nuclear division,7/262,39/12185,1.67E-05,0.000162349,0.000135731,991/10635/9700/9787/51203/11065/6790,7,Biological Process
GO:0000212,meiotic spindle organization,5/262,17/12185,2.22E-05,0.00021251,0.000177669,259266/9700/9133/10403/6790,5,Biological Process
GO:1904666,regulation of ubiquitin protein ligase activity,5/262,17/12185,2.22E-05,0.00021251,0.000177669,991/5347/27338/11065/4085,5,Biological Process
GO:0010971,positive regulation of G2/M transition of mitotic cell cycle,6/262,28/12185,2.36E-05,0.000225424,0.000188465,8317/51514/983/6240/891/995,6,Biological Process
GO:0070507,regulation of microtubule cytoskeleton organization,13/262,152/12185,2.39E-05,0.000227325,0.000190055,6491/163786/29899/84722/81930/221150/55835/79866/5347/10615/220134/22974/10460,13,Biological Process
GO:0006282,regulation of DNA repair,15/262,200/12185,2.73E-05,0.000258309,0.000215959,79000/3014/1111/2305/10635/1663/8914/55010/5888/116028/672/10721/7468/7913/63979,15,Biological Process
GO:0045840,positive regulation of mitotic nuclear division,6/262,30/12185,3.59E-05,0.000337448,0.000282123,991/9700/9787/51203/11065/6790,6,Biological Process
GO:0044837,actomyosin contractile ring organization,4/262,10/12185,3.96E-05,0.000368563,0.000308137,128239/29127/1894/54443,4,Biological Process
GO:0072711,cellular response to hydroxyurea,4/262,10/12185,3.96E-05,0.000368563,0.000308137,1663/8914/5888/641,4,Biological Process
GO:0007064,mitotic sister chromatid cohesion,6/262,31/12185,4.37E-05,0.000400733,0.000335032,991/113130/699/151648/157570/79075,6,Biological Process
GO:0090169,regulation of spindle assembly,6/262,31/12185,4.37E-05,0.000400733,0.000335032,6491/163786/29899/55835/5347/10615,6,Biological Process
GO:1902751,positive regulation of cell cycle G2/M phase transition,6/262,31/12185,4.37E-05,0.000400733,0.000335032,8317/51514/983/6240/891/995,6,Biological Process
GO:0008156,negative regulation of DNA replication,5/262,20/12185,5.26E-05,0.000480007,0.000401309,8914/54962/81620/990/51053,5,Biological Process
GO:0051445,regulation of meiotic cell cycle,7/262,47/12185,5.91E-05,0.000536569,0.000448597,991/259266/10635/9088/9319/995/7272,7,Biological Process
GO:0033262,regulation of nuclear cell cycle DNA replication,4/262,11/12185,6.12E-05,0.000547284,0.000457555,8317/54962/81620/10926,4,Biological Process
GO:0072710,response to hydroxyurea,4/262,11/12185,6.12E-05,0.000547284,0.000457555,1663/8914/5888/641,4,Biological Process
GO:0090306,meiotic spindle assembly,4/262,11/12185,6.12E-05,0.000547284,0.000457555,259266/9133/10403/6790,4,Biological Process
GO:0046599,regulation of centriole replication,5/262,21/12185,6.79E-05,0.000604055,0.000505019,6491/163786/55835/672/10733,5,Biological Process
GO:0010569,regulation of double-strand break repair via homologous recombination,8/262,65/12185,7.18E-05,0.00063572,0.000531492,1111/10635/8914/55010/5888/116028/10721/63979,8,Biological Process
GO:0006301,postreplication repair,6/262,34/12185,7.57E-05,0.000666913,0.000557571,51514/10714/5427/9768/672/4436,6,Biological Process
GO:1902808,positive regulation of cell cycle G1/S phase transition,7/262,49/12185,7.79E-05,0.000682977,0.000571001,6491/163786/6240/55835/990/6241/81610,7,Biological Process
GO:0007292,female gamete generation,10/262,104/12185,7.86E-05,0.000683356,0.000571318,259266/675/9133/5347/7153/10403/23397/6790/9319/7272,10,Biological Process
GO:2001252,positive regulation of chromosome organization,10/262,104/12185,7.86E-05,0.000683356,0.000571318,4751/983/9918/1663/9212/23397/699/10051/64151/54892,10,Biological Process
GO:0007276,gamete generation,24/262,472/12185,8.28E-05,0.000716141,0.000598728,259266/81930/3014/29127/675/57082/9133/5347/2175/7153/83990/10403/4436/23397/6790/2177/3148/9319/995/9232/7272/63979/349152/2189,24,Biological Process
GO:0071478,cellular response to radiation,12/262,151/12185,0.000100598,0.000865898,0.000723932,10714/3014/10635/675/5888/641/9212/672/1894/1026/63979/55872,12,Biological Process
GO:0007100,mitotic centrosome separation,4/262,13/12185,0.000128178,0.001093071,0.000913859,4751/3832/1111/6790,4,Biological Process
GO:0045842,positive regulation of mitotic metaphase/anaphase transition,4/262,13/12185,0.000128178,0.001093071,0.000913859,991/9700/9787/11065,4,Biological Process
GO:0072698,protein localization to microtubule cytoskeleton,7/262,53/12185,0.000129864,0.001102346,0.000921614,6491/9585/10615/11190/81610/6790/7272,7,Biological Process
GO:0072331,signal transduction by p53 class mediator,12/262,158/12185,0.000154867,0.001308552,0.001094012,1870/1111/2305/675/51065/9212/4436/1869/6790/51512/1026/60401,12,Biological Process
GO:1900087,positive regulation of G1/S transition of mitotic cell cycle,6/262,39/12185,0.000167772,0.00141112,0.001179763,6491/163786/6240/55835/990/6241,6,Biological Process
GO:0001833,inner cell mass cell proliferation,4/262,14/12185,0.000176426,0.001457296,0.001218369,1111/675/9837/54892,4,Biological Process
GO:0010457,centriole-centriole cohesion,4/262,14/12185,0.000176426,0.001457296,0.001218369,4751/25914/11190/151648,4,Biological Process
GO:0051299,centrosome separation,4/262,14/12185,0.000176426,0.001457296,0.001218369,4751/3832/1111/6790,4,Biological Process
GO:1902101,positive regulation of metaphase/anaphase transition of cell cycle,4/262,14/12185,0.000176426,0.001457296,0.001218369,991/9700/9787/11065,4,Biological Process
GO:0044380,protein localization to cytoskeleton,7/262,56/12185,0.000184965,0.001521005,0.001271633,6491/9585/10615/11190/81610/6790/7272,7,Biological Process
GO:0007140,male meiotic nuclear division,5/262,27/12185,0.000242337,0.001975153,0.001651322,81930/675/2175/9319/63979,5,Biological Process
GO:0010165,response to X-ray,5/262,27/12185,0.000242337,0.001975153,0.001651322,675/641/4436/1026/7516,5,Biological Process
GO:0045859,regulation of protein kinase activity,20/262,389/12185,0.000283505,0.002300508,0.001923335,63967/1031/84722/55732/9928/79866/1033/9133/641/899/9088/5347/990/22974/1894/1062/890/891/995/1026,20,Biological Process
GO:0007096,regulation of exit from mitosis,4/262,16/12185,0.000310071,0.002494106,0.002085192,113130/9735/11065/54443,4,Biological Process
GO:0031573,mitotic intra-S DNA damage checkpoint signaling,4/262,16/12185,0.000310071,0.002494106,0.002085192,54962/146956/4436/2177,4,Biological Process
GO:0010824,regulation of centrosome duplication,6/262,44/12185,0.000331807,0.002657345,0.002221668,6491/163786/55835/899/672/10733,6,Biological Process
GO:0006978,"DNA damage response, signal transduction by p53 class mediator resulting in transcription of p21 class mediator",4/262,17/12185,0.000398661,0.003178937,0.002657743,2305/675/51065/1026,4,Biological Process
GO:0010458,exit from mitosis,5/262,30/12185,0.000405839,0.003194679,0.002670904,113130/9735/27338/11065/54443,5,Biological Process
GO:0051642,centrosome localization,5/262,30/12185,0.000405839,0.003194679,0.002670904,29899/259266/9787/6790/4085,5,Biological Process
GO:0061842,microtubule organizing center localization,5/262,30/12185,0.000405839,0.003194679,0.002670904,29899/259266/9787/6790/4085,5,Biological Process
GO:0000729,DNA double-strand break processing,4/262,18/12185,0.000503955,0.003933412,0.00328852,1763/641/83990/5932,4,Biological Process
GO:0042772,"DNA damage response, signal transduction resulting in transcription",4/262,18/12185,0.000503955,0.003933412,0.00328852,2305/675/51065/1026,4,Biological Process
GO:0001832,blastocyst growth,4/262,19/12185,0.000627628,0.004857524,0.004061122,1111/675/9837/54892,4,Biological Process
GO:0051443,positive regulation of ubiquitin-protein transferase activity,4/262,19/12185,0.000627628,0.004857524,0.004061122,991/5347/27338/11065,4,Biological Process
GO:0043549,regulation of kinase activity,21/262,450/12185,0.000721749,0.0055626,0.004650599,63967/1031/84722/55732/9928/79866/1033/9133/641/899/9088/5347/990/22974/5933/1894/1062/890/891/995/1026,21,Biological Process
GO:0045740,positive regulation of DNA replication,5/262,34/12185,0.00073881,0.005670365,0.004740696,8317/983/1763/81620/10926,5,Biological Process
GO:0051438,regulation of ubiquitin-protein transferase activity,5/262,35/12185,0.000846995,0.006473716,0.005412336,991/5347/27338/11065/4085,5,Biological Process
GO:0001824,blastocyst development,8/262,94/12185,0.000926996,0.007055898,0.005899068,4678/4751/1111/675/5932/6241/9837/54892,8,Biological Process
GO:0045910,negative regulation of DNA recombination,5/262,36/12185,0.000966557,0.007326739,0.006125504,55010/641/116028/4436/10721,5,Biological Process
GO:0035561,regulation of chromatin binding,3/262,10/12185,0.001054414,0.007863285,0.006574082,1663/81620/51053,3,Biological Process
GO:0051447,negative regulation of meiotic cell cycle,3/262,10/12185,0.001054414,0.007863285,0.006574082,9088/9319/7272,3,Biological Process
GO:0070601,centromeric sister chromatid cohesion,3/262,10/12185,0.001054414,0.007863285,0.006574082,701/699/151648,3,Biological Process
GO:0072697,protein localization to cell cortex,3/262,10/12185,0.001054414,0.007863285,0.006574082,29899/5347/89958,3,Biological Process
GO:0072332,intrinsic apoptotic signaling pathway by p53 class mediator,7/262,75/12185,0.001119894,0.008317924,0.006954181,1870/675/51065/4436/1869/1026/60401,7,Biological Process
GO:0031145,anaphase-promoting complex-dependent catabolic process,4/262,22/12185,0.001125923,0.008329114,0.006963537,991/5347/27338/11065,4,Biological Process
GO:1902117,positive regulation of organelle assembly,7/262,76/12185,0.001211308,0.008924921,0.00746166,6491/163786/29899/55835/10615/10733/11152,7,Biological Process
GO:0008584,male gonad development,8/262,98/12185,0.001217587,0.008935442,0.007470456,4678/259266/6240/81930/2175/83990/4436/3148,8,Biological Process
GO:0046546,development of primary male sexual characteristics,8/262,99/12185,0.001300514,0.009506136,0.007947583,4678/259266/6240/81930/2175/83990/4436/3148,8,Biological Process
GO:0006312,mitotic recombination,4/262,23/12185,0.001340145,0.009718688,0.008125288,675/5888/4436/25788,4,Biological Process
GO:2000001,regulation of DNA damage checkpoint,4/262,23/12185,0.001340145,0.009718688,0.008125288,675/5888/79968/672,4,Biological Process
GO:0031109,microtubule polymerization or depolymerization,9/262,124/12185,0.001413036,0.010108809,0.008451447,11004/84722/81930/221150/55835/146909/220134/22974/347240,9,Biological Process
GO:2000241,regulation of reproductive process,9/262,124/12185,0.001413036,0.010108809,0.008451447,991/259266/10635/9088/2175/6790/9319/995/7272,9,Biological Process
GO:0071900,regulation of protein serine/threonine kinase activity,13/262,230/12185,0.001422653,0.010108809,0.008451447,1031/84722/1033/9133/641/899/9088/5347/990/890/891/995/1026,13,Biological Process
GO:0016446,somatic hypermutation of immunoglobulin genes,3/262,11/12185,0.001426868,0.010108809,0.008451447,9156/4436/10721,3,Biological Process
GO:0051177,meiotic sister chromatid cohesion,3/262,11/12185,0.001426868,0.010108809,0.008451447,701/699/151246,3,Biological Process
GO:0085020,protein K6-linked ubiquitination,3/262,11/12185,0.001426868,0.010108809,0.008451447,29089/672/27338,3,Biological Process
GO:0045814,"negative regulation of gene expression, epigenetic",8/262,103/12185,0.001678246,0.011844174,0.009902296,3070/1111/672/84823/29128/1786/4001/26147,8,Biological Process
GO:0007019,microtubule depolymerization,5/262,41/12185,0.001760737,0.012331854,0.010310019,11004/81930/146909/22974/347240,5,Biological Process
GO:0048146,positive regulation of fibroblast proliferation,5/262,41/12185,0.001760737,0.012331854,0.010310019,990/1869/890/891/1026,5,Biological Process
GO:0019985,translesion synthesis,4/262,25/12185,0.001851005,0.012914964,0.010797527,51514/10714/5427/9768,4,Biological Process
GO:0002566,somatic diversification of immune receptors via somatic mutation,3/262,12/12185,0.001872404,0.013014973,0.010881139,9156/4436/10721,3,Biological Process
GO:0071168,protein localization to chromatin,5/262,42/12185,0.001964135,0.013601266,0.011371308,5347/1058/4436/253714/157570,5,Biological Process
GO:0008406,gonad development,10/262,156/12185,0.001994081,0.01375692,0.011501442,4678/259266/6240/81930/675/2175/83990/4436/3148/2189,10,Biological Process
GO:0034728,nucleosome organization,7/262,83/12185,0.002026182,0.01392622,0.011642986,4678/3014/1106/10036/8208/4171/3148,7,Biological Process
GO:0007129,homologous chromosome pairing at meiosis,4/262,26/12185,0.002151013,0.014674688,0.01226874,83990/2177/84057/9319,4,Biological Process
GO:1902410,mitotic cytokinetic process,4/262,26/12185,0.002151013,0.014674688,0.01226874,128239/9585/55165/10112,4,Biological Process
GO:0007018,microtubule-based movement,15/262,302/12185,0.00227015,0.015430315,0.012900481,11004/9928/9585/3832/81930/1740/9787/9493/146909/56992/1062/10112/3833/347240/24137,15,Biological Process
GO:0045137,development of primary sexual characteristics,10/262,159/12185,0.00229428,0.015537,0.012989674,4678/259266/6240/81930/675/2175/83990/4436/3148/2189,10,Biological Process
GO:0090435,protein localization to nuclear envelope,3/262,13/12185,0.002395672,0.016105208,0.013464723,5347/84823/4001,3,Biological Process
GO:2000105,positive regulation of DNA-templated DNA replication,3/262,13/12185,0.002395672,0.016105208,0.013464723,8317/81620/10926,3,Biological Process
GO:0030010,establishment of cell polarity,9/262,134/12185,0.002414025,0.016169581,0.013518543,29899/9585/5347/10615/10403/1058/4085/54908/89958,9,Biological Process
GO:0007548,sex differentiation,11/262,189/12185,0.002595088,0.017319392,0.014479839,4678/259266/6240/81930/675/2175/83990/4436/3148/2189/2491,11,Biological Process
GO:0006334,nucleosome assembly,6/262,65/12185,0.002667366,0.0177375,0.014829397,4678/3014/10036/8208/4171/3148,6,Biological Process
GO:0010332,response to gamma radiation,5/262,46/12185,0.002952081,0.019560193,0.016353256,3014/675/2177/1026/7516,5,Biological Process
GO:0001325,formation of extrachromosomal circular DNA,3/262,14/12185,0.00300092,0.019564801,0.016357108,9156/1763/641,3,Biological Process
GO:0051782,negative regulation of cell division,3/262,14/12185,0.00300092,0.019564801,0.016357108,259266/641/9212,3,Biological Process
GO:0090656,t-circle formation,3/262,14/12185,0.00300092,0.019564801,0.016357108,9156/1763/641,3,Biological Process
GO:0090737,telomere maintenance via telomere trimming,3/262,14/12185,0.00300092,0.019564801,0.016357108,9156/1763/641,3,Biological Process
GO:0046661,male sex differentiation,8/262,113/12185,0.003007119,0.019564801,0.016357108,4678/259266/6240/81930/2175/83990/4436/3148,8,Biological Process
GO:0008630,intrinsic apoptotic signaling pathway in response to DNA damage,7/262,89/12185,0.003016506,0.019564801,0.016357108,220042/675/51065/672/4436/1869/1026,7,Biological Process
GO:0007163,establishment or maintenance of cell polarity,11/262,195/12185,0.003301342,0.021337092,0.017838828,11004/29899/9585/1740/5347/10615/10403/1058/4085/54908/89958,11,Biological Process
GO:0009411,response to UV,9/262,143/12185,0.003734806,0.024054242,0.020110495,51514/10714/675/9768/54962/9212/4436/1026/55872,9,Biological Process
GO:0071214,cellular response to abiotic stimulus,13/262,262/12185,0.004410353,0.028207882,0.023583137,10714/3014/1111/10635/675/5888/641/9212/672/1894/1026/63979/55872,13,Biological Process
GO:0104004,cellular response to environmental stimulus,13/262,262/12185,0.004410353,0.028207882,0.023583137,10714/3014/1111/10635/675/5888/641/9212/672/1894/1026/63979/55872,13,Biological Process
GO:0071312,cellular response to alkaloid,4/262,32/12185,0.004677818,0.029712208,0.024840826,1111/5888/641/890,4,Biological Process
GO:2000780,negative regulation of double-strand break repair,4/262,32/12185,0.004677818,0.029712208,0.024840826,79000/55010/116028/10721,4,Biological Process
GO:0001701,in utero embryonic development,15/262,330/12185,0.005197382,0.032898895,0.027505048,4678/6491/4751/1111/675/9133/5932/6241/4436/9837/788/10733/891/7516/54892,15,Biological Process
GO:0071539,protein localization to centrosome,4/262,33/12185,0.00523458,0.03302088,0.027607034,6491/10615/11190/6790,4,Biological Process
GO:0007063,regulation of sister chromatid cohesion,3/262,17/12185,0.005345425,0.033605027,0.028095408,1663/9700/699,3,Biological Process
GO:0097193,intrinsic apoptotic signaling pathway,13/262,269/12185,0.005488769,0.034388815,0.028750692,1870/219790/3070/220042/675/51065/672/4436/1869/1026/63979/9833/60401,13,Biological Process
GO:0045738,negative regulation of DNA repair,4/262,34/12185,0.005834016,0.036304927,0.030352653,79000/55010/116028/10721,4,Biological Process
GO:1905508,protein localization to microtubule organizing center,4/262,34/12185,0.005834016,0.036304927,0.030352653,6491/10615/11190/6790,4,Biological Process
GO:0040020,regulation of meiotic nuclear division,3/262,19/12185,0.007379861,0.045770047,0.038265946,991/10635/9319,3,Biological Process
GO:0030866,cortical actin cytoskeleton organization,4/262,37/12185,0.007901905,0.048843319,0.040835348,128239/29127/1894/54443,4,Biological Process
